<?xml version="1.0" encoding="UTF-8"?>
<!DOCTYPE configuremap [
  <!ELEMENT configuremap (configure)+>
  <!ATTLIST configuremap xmlns CDATA #FIXED ''>
  <!ELEMENT configure EMPTY>
  <!ATTLIST configure xmlns CDATA #FIXED '' name NMTOKEN #REQUIRED
    value CDATA #REQUIRED>
]>
<!--
  ImageMagick build configuration.
-->
<configuremap>
  <configure name="CC" value="gcc"/>
  <configure name="CFLAGS" value="-I/opt/homebrew/Cellar/webp/1.4.0/include -I/opt/homebrew/Cellar/webp/1.4.0/include/webp -I/opt/homebrew/Cellar/webp/1.4.0/include -I/opt/homebrew/Cellar/webp/1.4.0/include/webp -I/opt/homebrew/Cellar/libtiff/4.7.0/include -I/opt/homebrew/opt/zstd/include -I/opt/homebrew/Cellar/xz/5.6.3/include -I/opt/homebrew/Cellar/jpeg-turbo/3.0.4/include -I/opt/homebrew/Cellar/libraw/0.21.3/include/libraw -I/opt/homebrew/Cellar/libraw/0.21.3/include -I/opt/homebrew/Cellar/little-cms2/2.16/include -I/opt/homebrew/opt/libpng/include/libpng16 -I/opt/homebrew/Cellar/pango/1.54.0/include/pango-1.0 -I/opt/homebrew/Cellar/cairo/1.18.2/include/cairo -I/opt/homebrew/Cellar/libxext/1.3.6/include -I/opt/homebrew/Cellar/xorgproto/2024.1/include -I/opt/homebrew/Cellar/libxrender/0.9.11/include -I/opt/homebrew/Cellar/libx11/1.8.10/include -I/opt/homebrew/Cellar/libxcb/1.17.0/include -I/opt/homebrew/Cellar/libxau/1.0.11/include -I/opt/homebrew/Cellar/libxdmcp/1.1.5/include -I/opt/homebrew/Cellar/pixman/0.44.0/include/pixman-1 -I/opt/homebrew/Cellar/glib/2.82.2/include -I/opt/homebrew/Cellar/fribidi/1.0.16/include/fribidi -I/opt/homebrew/Cellar/fontconfig/2.15.0/include -I/opt/homebrew/Cellar/harfbuzz/10.1.0/include/harfbuzz -I/opt/homebrew/opt/freetype/include/freetype2 -I/opt/homebrew/opt/libpng/include/libpng16 -I/opt/homebrew/Cellar/graphite2/1.3.14/include -I/opt/homebrew/Cellar/glib/2.82.2/include/glib-2.0 -I/opt/homebrew/Cellar/glib/2.82.2/lib/glib-2.0/include -I/opt/homebrew/opt/gettext/include -I/opt/homebrew/Cellar/pcre2/10.44/include -I/Library/Developer/CommandLineTools/SDKs/MacOSX15.sdk/usr/include/ffi -I/opt/homebrew/Cellar/openexr/3.3.2/include -I/opt/homebrew/Cellar/openexr/3.3.2/include/OpenEXR -pthread -I/opt/homebrew/Cellar/imath/3.1.12/include -I/opt/homebrew/Cellar/imath/3.1.12/include/Imath -I/opt/homebrew/Cellar/libdeflate/1.22/include -I/opt/homebrew/Cellar/xz/5.6.3/include -I/opt/homebrew/Cellar/openjpeg/2.5.2/include/openjpeg-2.5 -I/opt/homebrew/Cellar/little-cms2/2.16/include -I/opt/homebrew/opt/libheif/include -I/opt/homebrew/Cellar/libde265/1.0.15/include -I/opt/homebrew/Cellar/x265/4.0_1/include -I/opt/homebrew/Cellar/aom/3.11.0/include -I/opt/homebrew/Cellar/libvmaf/3.0.0/include -I/opt/homebrew/Cellar/libvmaf/3.0.0/include/libvmaf -I/opt/homebrew/Cellar/webp/1.4.0/include/webp -I/opt/homebrew/opt/freetype/include/freetype2 -I/opt/homebrew/opt/libpng/include/libpng16 -I/opt/homebrew/Cellar/fontconfig/2.15.0/include -I/opt/homebrew/opt/freetype/include/freetype2 -I/opt/homebrew/opt/libpng/include/libpng16 -Wall -g -O2 -fexceptions -D_FORTIFY_SOURCE=0 -pthread -DMAGICKCORE_HDRI_ENABLE=1 -DMAGICKCORE_QUANTUM_DEPTH=16 -I/opt/homebrew/Cellar/jpeg-turbo/3.0.4/include -DMAGICKCORE_CHANNEL_MASK_DEPTH=32"/>
  <configure name="CHANNEL_MASK_DEPTH" value="32"/>
  <configure name="CODER_PATH" value="/usr/local/lib/ImageMagick-7.1.1/modules-Q16HDRI/coders"/>
  <configure name="CONFIGURE_PATH" value="/usr/local/etc/ImageMagick-7/"/>
  <configure name="CONFIGURE" value="./configure  '--without-lqr' '--without-jxl'"/>
  <configure name="COPYRIGHT" value="Copyright (C) 1999 ImageMagick Studio LLC"/>
  <configure name="CPPFLAGS" value="-I/usr/local/include/ImageMagick-7"/>
  <configure name="CXXFLAGS" value="-g -O2 -pthread"/>
  <configure name="CXX" value="g++ -std=gnu++11 -std=gnu++11"/>
  <configure name="DEFS" value="-DHAVE_CONFIG_H"/>
  <configure name="DELEGATES" value="bzlib fontconfig freetype heic jng jp2 jpeg lcms lzma openexr pangocairo png ps raw tiff video webp xml zlib zstd"/>
  <configure name="DISTCHECK_CONFIG_FLAGS" value=" --disable-deprecated  --with-quantum-depth=16  --with-jemalloc=no  --with-umem=no  --with-autotrace=no  --with-dps=no  --with-fftw=no  --with-flif=no  --with-fpx=no  --with-gslib=no  --with-fontpath=  --with-lqr=no  --with-rsvg=no  --with-uhdr=no  --with-wmf=no  --with-perl=no "/>
  <configure name="DOCUMENTATION_PATH" value="/usr/local/share/doc/ImageMagick-7"/>
  <configure name="EXEC-PREFIX" value="/usr/local"/>
  <configure name="EXECUTABLE_PATH" value="/usr/local/bin"/>
  <configure name="FEATURES" value="Channel-masks(32-bit) Cipher DPC HDRI"/>
  <configure name="FILTER_PATH" value="/usr/local/lib/ImageMagick-7.1.1/modules-Q16HDRI/filters"/>
  <configure name="GIT_REVISION" value="21316" />
  <configure name="HOST" value="aarch64-apple-darwin24.1.0"/>
  <configure name="INCLUDE_PATH" value="/usr/local/include/ImageMagick-7"/>
  <configure name="LDFLAGS" value="-L/usr/local/lib "/>
  <configure name="LIBRARY_ABSOLUTE_PATH" value="/usr/local/lib/ImageMagick-7.1.1"/>
  <configure name="LIBS" value="  -L/opt/homebrew/Cellar/little-cms2/2.16/lib -llcms2  -L/opt/homebrew/Cellar/libtiff/4.7.0/lib -ltiff -L/opt/homebrew/opt/freetype/lib -lfreetype  -ljpeg    -L/opt/homebrew/opt/libpng/lib -lpng16      -L/opt/homebrew/Cellar/fontconfig/2.15.0/lib -lfontconfig -L/opt/homebrew/opt/freetype/lib -lfreetype -L/opt/homebrew/opt/libheif/lib -lheif -L/opt/homebrew/Cellar/webp/1.4.0/lib -lwebpmux -lwebpdemux -L/opt/homebrew/Cellar/webp/1.4.0/lib -lwebp       -L/opt/homebrew/Cellar/xz/5.6.3/lib -llzma -lbz2 -L/opt/homebrew/Cellar/openexr/3.3.2/lib -lOpenEXR-3_3 -lOpenEXRUtil-3_3 -lOpenEXRCore-3_3 -lIex-3_3 -lIlmThread-3_3 -L/opt/homebrew/Cellar/imath/3.1.12/lib -lImath-3_1 -L/opt/homebrew/Cellar/openjpeg/2.5.2/lib -lopenjp2 -L/opt/homebrew/Cellar/pango/1.54.0/lib -lpangocairo-1.0 -lpango-1.0 -L/opt/homebrew/Cellar/glib/2.82.2/lib -lgobject-2.0 -lglib-2.0 -L/opt/homebrew/opt/gettext/lib -lintl -L/opt/homebrew/Cellar/harfbuzz/10.1.0/lib -lharfbuzz -L/opt/homebrew/Cellar/cairo/1.18.2/lib -lcairo -L/opt/homebrew/Cellar/libraw/0.21.3/lib -lraw_r -lstdc++ -L/opt/homebrew/Cellar/little-cms2/2.16/lib -llcms2  -L/usr/lib -lxml2  -L/usr/lib -lz     -lm    -lpthread    "/>
  <configure name="LIB_VERSION_NUMBER" value="7,1,1,42"/>
  <configure name="LIB_VERSION" value="0x711"/>
  <configure name="NAME" value="ImageMagick"/>
  <configure name="PCFLAGS" value="-DMAGICKCORE_HDRI_ENABLE=1 -DMAGICKCORE_QUANTUM_DEPTH=16 -DMAGICKCORE_CHANNEL_MASK_DEPTH=32"/>
  <configure name="PREFIX" value="/usr/local"/>
  <configure name="QuantumDepth" value="16"/>
  <configure name="RELEASE_DATE" value="2024-11-16"/>
  <configure name="SECURITY_POLICY" value="open"/>
  <configure name="SHAREARCH_PATH" value="/usr/local/lib/ImageMagick-7.1.1/config-Q16HDRI"/>
  <configure name="SHARE_PATH" value="/usr/local/share/ImageMagick-7"/>
  <configure name="TARGET_CPU" value="aarch64"/>
  <configure name="TARGET_OS" value="darwin24.1.0"/>
  <configure name="TARGET_VENDOR" value="apple"/>
  <configure name="VERSION" value="7.1.1"/>
  <configure name="WEBSITE" value="https://imagemagick.org"/>
</configuremap>
